bonus_value_id	effect	ritual
#effect_bonus_value_ritual_junctions_tables;0;db/effect_bonus_value_ritual_junctions_tables/lon_units		
percentage_cost_mod	wh3_dlc29_effect_nag_necromancy_cost_mod_all	wh3_dlc29_ritual_nag_unit_capacity_skeleton_reapers
percentage_cost_mod	wh3_dlc29_effect_nag_necromancy_cost_mod_infantry	wh3_dlc29_ritual_nag_unit_capacity_skeleton_reapers
percentage_cost_post_mod	wh3_dlc29_effect_nag_necromancy_cost_mod	wh3_dlc29_ritual_nag_unit_capacity_skeleton_reapers
percentage_cost_mod	wh3_dlc29_effect_nag_necromancy_cost_mod_all	wh3_dlc29_ritual_nag_unit_capacity_nag_bone_thrower
percentage_cost_mod	wh3_dlc29_effect_nag_necromancy_cost_mod_war_machines	wh3_dlc29_ritual_nag_unit_capacity_nag_bone_thrower
percentage_cost_post_mod	wh3_dlc29_effect_nag_necromancy_cost_mod	wh3_dlc29_ritual_nag_unit_capacity_nag_bone_thrower
percentage_cost_mod	wh3_dlc29_effect_nag_necromancy_cost_mod_all	wh3_dlc29_ritual_nag_unit_capacity_nag_carrion_riders
percentage_cost_mod	wh3_dlc29_effect_nag_necromancy_cost_mod_cavalry	wh3_dlc29_ritual_nag_unit_capacity_nag_carrion_riders
percentage_cost_post_mod	wh3_dlc29_effect_nag_necromancy_cost_mod	wh3_dlc29_ritual_nag_unit_capacity_nag_carrion_riders
percentage_cost_mod	wh3_dlc29_effect_nag_necromancy_cost_mod_all	wh3_dlc29_ritual_nag_unit_capacity_nag_sand_crawlies
percentage_cost_mod	wh3_dlc29_effect_nag_necromancy_cost_mod_beasts	wh3_dlc29_ritual_nag_unit_capacity_nag_sand_crawlies
percentage_cost_post_mod	wh3_dlc29_effect_nag_necromancy_cost_mod	wh3_dlc29_ritual_nag_unit_capacity_nag_sand_crawlies
percentage_cost_mod	wh3_dlc29_effect_nag_necromancy_cost_mod_all	wh3_dlc29_ritual_nag_unit_capacity_nagashizzar_guard
percentage_cost_mod	wh3_dlc29_effect_nag_necromancy_cost_mod_infantry	wh3_dlc29_ritual_nag_unit_capacity_nagashizzar_guard
percentage_cost_post_mod	wh3_dlc29_effect_nag_necromancy_cost_mod	wh3_dlc29_ritual_nag_unit_capacity_nagashizzar_guard
percentage_cost_mod	wh3_dlc29_effect_nag_necromancy_cost_mod_all	wh3_dlc29_ritual_nag_unit_capacity_nag_bone_golems
percentage_cost_mod	wh3_dlc29_effect_nag_necromancy_cost_mod_beasts	wh3_dlc29_ritual_nag_unit_capacity_nag_bone_golems
percentage_cost_post_mod	wh3_dlc29_effect_nag_necromancy_cost_mod	wh3_dlc29_ritual_nag_unit_capacity_nag_bone_golems
percentage_cost_mod	wh3_dlc29_effect_nag_necromancy_cost_mod_constructs	wh3_dlc29_ritual_nag_unit_capacity_nag_bone_golems
