ability	effect
#unit_abilities_to_additional_ui_effects_juncs_tables;0;db/unit_abilities_to_additional_ui_effects_juncs_tables/lon_units	
nag_druthor_raise_dead_crypt_ghouls	wh_main_all_defend_vs_charge
nag_druthor_raise_dead_crypt_ghouls	wh_dlc04_all_summon_crypt_ghouls
nag_unit_passive_grim_aura	nag_summon_reapers
nag_unit_passive_grim_aura	wh_dlc06_automatic
nag_unit_passive_grim_aura	wh_main_all_direct_damage_high
nag_unit_passive_grim_aura	wh_main_all_direct_damage_unbinding
nag_unit_passive_marshlight_aura	wh_main_all_direct_damage_resist
nag_unit_passive_marshlight_aura	nag_drain_essence
