key	generate	ui_image	prioritised	event_category	override_icon	is_large_incident	additional_sound_event	sepia_fade	use_revealing_text
#incidents_tables;7;db/incidents_tables/rhox_nagash									
rhox_nagash_azhag_mortarch	false	mixer_nag_nagash/nagash_dominates_azhag	false	Quest		true		0.0000	false
rhox_nagash_guin_arrive	false	messenger	false	Event		false		0.0000	false
rhox_nagash_guin_leave	false	messenger	false	Event		false		0.0000	false
rhox_nagash_kalledria_story_panel_hex_1	false	messenger	false	Event		true		0.0000	false
rhox_nagash_kalledria_story_panel_hex_2	false	messenger	false	Event		true		0.0000	false
rhox_nagash_kalledria_story_panel_hex_3	false	messenger	false	Event		true		0.0000	false
rhox_nagash_kalledria_story_panel_hex_4	false	messenger	false	Event		true		0.0000	false
rhox_nagash_kalledria_story_panel_hex_5	false	messenger	false	Event		true		0.0000	false
rhox_nagash_kalledria_story_panel_hex_6	false	messenger	false	Event		true		0.0000	false
rhox_nagash_kalledria_performed_hex_1	false	messenger	false	Event		false		0.0000	false
rhox_nagash_kalledria_performed_hex_1_received	false	messenger	false	Event		false		0.0000	false
rhox_nagash_kalledria_performed_hex_2	false	messenger	false	Event		false		0.0000	false
rhox_nagash_kalledria_performed_hex_2_received	false	messenger	false	Event		false		0.0000	false
rhox_nagash_kalledria_performed_hex_3	false	messenger	false	Event		false		0.0000	false
rhox_nagash_kalledria_performed_hex_3_received	false	messenger	false	Event		false		0.0000	false
rhox_nagash_kalledria_performed_hex_4	false	messenger	false	Event		false		0.0000	false
rhox_nagash_kalledria_performed_hex_4_received	false	messenger	false	Event		false		0.0000	false
rhox_nagash_kalledria_performed_hex_5	false	messenger	false	Event		false		0.0000	false
rhox_nagash_force_vassalised	false	mixer_nag_nagash/nagash_absorbs_undead	false	Event		false		0.0000	false
rhox_nagash_force_vassalised_coast	false	mixer_nag_nagash/nagash_absorbs_undead_vampire_coast	false	Event		false		0.0000	false
rhox_nagash_force_vassalised_tk	false	mixer_nag_nagash/nagash_absorbs_undead_tomb_kings	false	Event		false		0.0000	false
rhox_nagash_force_vassalised_jv	false	mixer_nag_nagash/nagash_absorbs_undead_jade_vampires	false	Event		false		0.0000	false
rhox_nagash_harkon_restoed_incident	false	mixer_nag_nagash/luthor_harkon_restores_his_mind	false	Quest		false		0.0000	false
