unit	unit_list
#unit_to_unit_list_junctions_tables;0;db/unit_to_unit_list_junctions_tables/lon_units	
nag_skeleton_reaper	lon_unit_cap_nag_skeleton_reaper
nag_bone_thrower	lon_unit_cap_nag_bone_thrower
nag_carrion_riders	lon_unit_cap_nag_carrion_riders
nag_sand_crawlies	lon_unit_cap_nag_sand_crawlies
nag_warp_ghouls	wh_main_vmp_inf_crypt_ghouls
nag_nagashi_guard	lon_unit_cap_nag_nagashi_guards
nag_nagashi_guard_halb	lon_unit_cap_nag_nagashi_guards
nag_bone_golems	lon_unit_cap_nag_bone_golems
nag_undead_chariot_unit	wh3_dlc29_tmb_skeleton_chariots
