unit_caste	unit_category	unit_class	unit_record	unit_set	exclude
#unit_set_to_unit_junctions_tables;1;db/unit_set_to_unit_junctions_tables/rhox_nagash_kalledria					
			wh2_dlc11_cst_inf_syreens	vmp_all	false
			wh2_dlc11_cst_inf_syreens	vmp_bound_spirits	false
			wh2_dlc11_cst_inf_syreens	vmp_unit_cairn_wraiths	false
			wh2_dlc11_cst_inf_syreens	vmp_wraiths_mournguls	false
			wh2_dlc11_cst_inf_syreens	vmp_wraiths	false
			wh2_dlc11_cst_inf_syreens	wh2_dlc11_vmp_cairn_wraith_hex_wraith_mourngul	false
			wh2_dlc11_cst_inf_syreens	wh2_dlc11_vmp_vets_zombies_skeletons_grave_guard_cairn_wraiths	false
			wh2_dlc11_cst_inf_syreens	wh2_dlc17_cairnwraith_hexwraith_rank7	false
			wh2_dlc11_cst_inf_syreens	wh_pro02_isabella_extra_upkeep	false
			wh2_dlc11_cst_inf_syreens	ethereal	false
			wh_main_vmp_cha_banshee	nag_banshee_unit_set	false
			wh_main_vmp_inf_crypt_ghouls	nag_kalledria_ghoul_unit_set	false
			nag_warp_ghouls	nag_kalledria_ghoul_unit_set	false
			nag_guinevere	nag_vampires	false
			nag_guinevere	undead_units	false
			nag_guinevere	vmp_all	false
			nag_guinevere	vmp_characters	false
			nag_guinevere_warhorse	nag_vampires	false
			nag_guinevere_warhorse	undead_units	false
			nag_guinevere_warhorse	vmp_all	false
			nag_guinevere_warhorse	vmp_characters	false
			nag_vmp_kalledria	ethereal	false
			nag_vmp_kalledria	nag_mourngul_haunter_banshee	false
			nag_vmp_kalledria	undead_units	false
			nag_vmp_kalledria	vmp_agents	false
			nag_vmp_kalledria	vmp_all	false
			nag_vmp_kalledria	vmp_characters	false
			nag_vmp_kalledria	vmp_dlc04_all_characters	false
			nag_vmp_kalledria	wh3_dlc29_nag_all_character	false
			nag_vmp_kalledria	wh_main_vmp_cha_banshee	false
			nag_vmp_kalledria	wh_pro02_isabella_extra_upkeep	false
