character_skill_key	effect_key	level	effect_scope	value
#character_skill_level_to_effects_junctions_tables;1;db/character_skill_level_to_effects_junctions_tables/rhox_nagash_krell				
nag_skill_mortarch_innate_krell	nag_effect_self_enable_ability_mortarch_of_despair	1	character_to_character_own	1.0000
nag_skill_mortarch_innate_krell	wh_main_effect_force_stat_leadership_enemy_unit	1	general_to_force_enemy_regionwide	-8.0000
nag_skill_mortarch_innate_krell	wh_main_effect_character_stat_missile_resistance	1	character_to_character_own	10.0000
nag_skill_mortarch_innate_krell	wh2_dlc11_enable_immortal_hidden	1	character_to_character_own	1.0000
nag_skill_self_krell_hatred_of_the_gods	wh_main_effect_character_stat_melee_attack	1	character_to_character_own	7.0000
nag_skill_personal_krell_immortal_challenger	wh_main_effect_character_stat_unit_health	1	character_to_character_own	25.0000
nag_skill_personal_krell_immortal_challenger	wh_main_effect_character_stat_melee_defence	1	character_to_character_own	8.0000
nag_skill_personal_krell_champion_of_nagash	wh_main_effect_ability_enable_heroic_killing_blow	1	character_to_character_own	1.0000
nag_skill_personal_krell_champion_of_nagash	wh_main_effect_character_stat_leadership_aura_size	1	character_to_character_own	20.0000
nag_skill_personal_krell_might_makes_wight	wh_main_effect_character_stat_weapon_strength_attacking	1	character_to_character_own	20.0000
nag_skill_personal_krell_spectral_executioner	wh_main_effect_character_wound_recovery_time_mod	1	character_to_character_own	-3.0000
nag_skill_personal_krell_spectral_executioner	wh_main_effect_ability_enable_deathblow	1	character_to_character_own	1.0000
nag_skill_personal_krell_skull_throne	wh_main_effect_force_all_campaign_post_battle_loot_mod	1	character_to_character_own	15.0000
nag_skill_personal_krell_skull_throne	wh_main_effect_force_all_campaign_raid_income	1	character_to_character_own	15.0000
nag_skill_personal_krell_skull_throne	wh_main_effect_force_all_campaign_loot_income	1	character_to_character_own	15.0000
nag_skill_personal_krell_skull_throne	wh_main_effect_force_all_campaign_sacking_income	1	character_to_character_own	15.0000
nag_skill_personal_krell_skull_throne	wh2_main_effect_agent_action_passive_spread_public_order_effect_negative	1	character_to_enemy_province	-5.0000
nag_skill_personal_krell_abandoned_by_khorne	wh2_dlc10_effect_force_stat_melee_attack_vs_chaos_norsca_beastmen	1	general_to_force_own	8.0000
nag_skill_personal_krell_abandoned_by_khorne	wh2_dlc13_effect_force_stat_weapon_strength_vs_nor_chs_bst	1	general_to_force_own	8.0000
nag_skill_personal_krell_abandoned_by_khorne	nag_effect_self_krell_charge_bonus_versus_nor_chs_bst	1	general_to_force_own	8.0000
nag_skill_personal_krell_the_doomed_legion	wh3_dlc29_effect_agent_rank_wight_king	1	character_to_province_own_factionwide	5.0000
nag_skill_personal_krell_the_doomed_legion	wh3_dlc29_effect_agent_cap_increase_nag_champion	1	character_to_faction_unseen	3.0000
nag_skill_personal_krell_the_doomed_legion	nag_effect_self_krell_infantry_melee_defence_skill	1	general_to_force_own	8.0000
nag_skill_personal_krell_the_doomed_legion	nag_effect_self_krell_infantry_upkeep_skill	1	general_to_force_own	-30.0000
nag_skill_personal_krell_his_will_be_done	wh_main_effect_agent_movement_range_mod	1	character_to_character_own	5.0000
nag_skill_personal_krell_his_will_be_done	wh_main_effect_force_army_campaign_attrition_all_resistance	1	general_to_force_own	-15.0000
nag_skill_personal_krell_his_will_be_done	wh_main_effect_agent_movement_range_mod	2	character_to_character_own	10.0000
nag_skill_personal_krell_his_will_be_done	wh_main_effect_force_army_campaign_attrition_all_resistance	2	general_to_force_own	-30.0000
nag_skill_personal_krell_his_will_be_done	wh_main_effect_force_all_recruitment_points	2	general_to_force_own_unseen	1.0000
nag_skill_personal_krell_his_will_be_done	wh_main_effect_agent_movement_range_mod	3	character_to_character_own	15.0000
nag_skill_personal_krell_his_will_be_done	wh_main_effect_force_army_campaign_attrition_all_resistance	3	general_to_force_own	-50.0000
nag_skill_personal_krell_his_will_be_done	wh_main_effect_force_all_recruitment_points	3	general_to_force_own_unseen	2.0000
nag_skill_mortarch_krell_unique_1	wh3_dlc29_effect_ability_enable_legion_commander	1	character_to_character_own	1.0000
nag_skill_mortarch_krell_unique_1	wh_main_effect_force_all_campaign_movement_range	1	general_to_force_own_unseen	10.0000
nag_skill_mortarch_krell_unique_1	wh_main_effect_force_stat_leadership	1	general_to_force_own	5.0000
nag_skill_mortarch_krell_unique_2	wh3_dlc29_effect_force_stat_melee_attack_wight_kings	1	character_to_force_own_factionwide	5.0000
nag_skill_mortarch_krell_unique_2	wh3_dlc29_effect_force_stat_melee_defence_wight_kings	1	character_to_force_own_factionwide	5.0000
nag_skill_mortarch_krell_unique_2	wh_main_effect_agent_cap_increase_champion_wight_kings	1	character_to_faction_unseen	2.0000
nag_skill_mortarch_krell_unique_3	wh2_main_effect_ability_enable_regeneration	1	character_to_character_own	1.0000
nag_skill_mortarch_krell_unique_3	wh_main_effect_attribute_enable_unbreakable	1	character_to_character_own	1.0000
nag_skill_mortarch_krell_unique_3	wh_main_effect_character_stat_unit_health	1	character_to_character_own	15.0000
nag_skill_mortarch_krell_unique_4	wh3_dlc29_effect_force_stat_armour_nag_grave_guards	1	general_to_force_own	10.0000
nag_skill_mortarch_krell_unique_4	wh3_dlc29_effect_post_battle_unit_saving_chance_vmp_grave_guards	1	general_to_force_own	10.0000
nag_skill_mortarch_krell_unique_4	wh3_dlc29_effect_post_battle_unit_saving_hp_vmp_grave_guards	1	general_to_force_own	5.0000
nag_skill_mortarch_krell_unique_6	wh_dlc08_effect_ability_enable_frenzy	1	character_to_character_own	1.0000
nag_skill_mortarch_krell_unique_6	wh_main_effect_character_stat_magic_resistance	1	character_to_character_own	20.0000
nag_skill_mortarch_krell_unique_6	wh_main_effect_character_stat_weapon_strength	1	character_to_character_own	10.0000
nag_skill_mortarch_krell_unique_7	wh2_dlc11_vmp_skill_special_blood_dragon_unit_upkeep_reduction_grave_guards	1	character_to_force_own_factionwide	-5.0000
nag_skill_mortarch_krell_unique_7	wh3_dlc29_effect_nag_necromancy_cost_mod_grave_guards	1	character_to_faction_unseen	-10.0000
nag_skill_mortarch_krell_unique_7	wh3_dlc29_effect_raise_dead_and_local_recruitment_rank_mod_grave_guards	1	character_to_force_own_factionwide	1.0000
nag_skill_mortarch_krell_hidden	wh_main_effect_character_stat_charge_bonus_add	1	character_to_character_own	10.0000
nag_skill_mortarch_krell_hidden	wh_main_effect_character_stat_melee_attack	1	character_to_character_own	10.0000
nag_skill_mortarch_krell_hidden	wh_main_effect_character_stat_melee_defence	1	character_to_character_own	3.0000
nag_skill_mortarch_krell_hidden	wh_main_effect_character_stat_unit_health	1	character_to_character_own	13.0000
nag_skill_mortarch_krell_hidden	wh_main_effect_character_stat_ward_save	1	character_to_character_own	10.0000
