effect	effect_list	scope	value
#campaign_effect_list_effect_junctions_tables;0;db/campaign_effect_list_effect_junctions_tables/lon_units			
lon_force_stat_weapon_damage_armour_piercing_nag_skeleton_reaper	wh3_dlc29_black_pyramid_skeleton_10	faction_to_force_own	2.0000
lon_force_stat_speed_bonus_sand_crawlers	wh3_dlc29_black_pyramid_beasts_3	faction_to_force_own	30.0000
lon_nag_lon_recruitment_points	wh3_dlc29_black_pyramid_nagash_mid_2	faction_to_province_own	1.0000
lon_nag_lon_recruitment_points	wh3_dlc29_black_pyramid_nagash_late_12	faction_to_province_own	1.0000
lon_force_stat_bonus_vs_infantry_bone_golems	wh3_dlc29_black_pyramid_construct_monstrous_7	faction_to_force_own	5.0000
lon_ability_uses_death_shriek_nag_druthor	wh3_dlc29_black_pyramid_undead_monsters_4	faction_to_force_own	3.0000
lon_immune_to_flanking_nag_guard	wh3_dlc29_black_pyramid_movement_3	faction_to_force_own	1.0000
lon_attribute_unyielding_assault_nag_guard	wh3_dlc29_black_pyramid_movement_6	faction_to_force_own	1.0000
lon_force_recruit_rank_nag_guard	wh3_dlc29_black_pyramid_nagash_late_1	faction_to_force_own	1.0000
lon_ability_enable_guardian_nag_guard	wh3_dlc29_black_pyramid_nagash_late_2	faction_to_force_own	1.0000
lon_force_stat_ward_save_nag_guard	wh3_dlc29_black_pyramid_nagash_late_3	faction_to_force_own	5.0000
lon_force_stat_speed_bonus_nag_guard	wh3_dlc29_black_pyramid_nagash_late_5	faction_to_force_own	20.0000
lon_attribute_strider_nag_guard	wh3_dlc29_black_pyramid_nagash_late_6	faction_to_force_own	1.0000
lon_gravecall_unlock_nagashizzar_guard	wh3_dlc29_black_pyramid_nagash_mid_8	faction_to_faction_own_unseen	1.0000
lon_gravecall_unlock_sand_crawlies	wh3_dlc29_black_pyramid_beasts_1	faction_to_force_own_unseen	1.0000
lon_gravecall_unlock_undead_chariot_unit	wh3_dlc29_black_pyramid_chariots_1	faction_to_force_own_unseen	1.0000
lon_gravecall_unlock_bone_thrower	wh3_dlc29_black_pyramid_magic_artillery_1	faction_to_force_own_unseen	1.0000
lon_gravecall_unlock_skeleton_reaper	wh3_dlc29_black_pyramid_skeleton_10	faction_to_force_own_unseen	1.0000
lon_gravecall_unlock_carrion_riders	wh3_dlc29_black_pyramid_wraith_1	faction_to_force_own_unseen	1.0000
lon_gravecall_unlock_warp_ghouls	wh3_dlc29_black_pyramid_zombies_10	faction_to_force_own_unseen	1.0000
lon_gravecall_unlock_bone_golems	wh3_dlc29_black_pyramid_construct_monstrous_7	faction_to_force_own_unseen	1.0000
