unit	source	cost
#unit_recruitment_source_overrides_tables;0;db/unit_recruitment_source_overrides_tables/lon_units		
nag_bone_golems	wh3_dlc29_nag_raise_dead_vmp_faction_pool	wh3_dlc29_nag_recruitment_cost_275
nag_bone_thrower	wh3_dlc29_nag_raise_dead_vmp_faction_pool	wh3_dlc29_nag_recruitment_cost_150
nag_carrion_riders	wh3_dlc29_nag_raise_dead_vmp_faction_pool	wh3_dlc29_nag_recruitment_cost_200
nag_nagashi_guard	wh3_dlc29_nag_raise_dead_vmp_faction_pool	wh3_dlc29_nag_recruitment_cost_240
nag_nagashi_guard_halb	wh3_dlc29_nag_raise_dead_vmp_faction_pool	wh3_dlc29_nag_recruitment_cost_240
nag_sand_crawlies	wh3_dlc29_nag_raise_dead_vmp_faction_pool	wh3_dlc29_nag_recruitment_cost_150
nag_skeleton_reaper	wh3_dlc29_nag_raise_dead_vmp_faction_pool	wh3_dlc29_nag_recruitment_cost_100
nag_warp_ghouls	wh3_dlc29_nag_raise_dead_vmp_faction_pool	wh3_dlc29_nag_recruitment_cost_150
nag_undead_chariot_unit	wh3_dlc29_nag_raise_dead_vmp_faction_pool	wh3_dlc29_nag_recruitment_cost_240
wh2_dlc11_cst_inf_syreens	wh3_dlc29_vmp_raise_dead_province	wh_main_vmp_inf_grave_guard_0
nag_bone_golems	wh3_dlc29_nag_raise_dead_lon_faction_pool	wh3_dlc29_nag_recruitment_cost_275
nag_bone_thrower	wh3_dlc29_nag_raise_dead_lon_faction_pool	wh3_dlc29_nag_recruitment_cost_150
nag_carrion_riders	wh3_dlc29_nag_raise_dead_lon_faction_pool	wh3_dlc29_nag_recruitment_cost_200
nag_nagashi_guard	wh3_dlc29_nag_raise_dead_lon_faction_pool	wh3_dlc29_nag_recruitment_cost_240
nag_nagashi_guard_halb	wh3_dlc29_nag_raise_dead_lon_faction_pool	wh3_dlc29_nag_recruitment_cost_240
nag_sand_crawlies	wh3_dlc29_nag_raise_dead_lon_faction_pool	wh3_dlc29_nag_recruitment_cost_150
nag_skeleton_reaper	wh3_dlc29_nag_raise_dead_lon_faction_pool	wh3_dlc29_nag_recruitment_cost_100
nag_warp_ghouls	wh3_dlc29_nag_raise_dead_lon_faction_pool	wh3_dlc29_nag_recruitment_cost_150
nag_undead_chariot_unit	wh3_dlc29_nag_raise_dead_lon_faction_pool	wh3_dlc29_nag_recruitment_cost_240
