ability_group	unit	group_page_order
#special_ability_groups_to_units_junctions_tables;1;db/special_ability_groups_to_units_junctions_tables/rhox_nagash		
wh2_main_lore_undeath	nag_nagash_boss	0
wh2_dlc11_vmp_lore_von_carstein	nag_mortarch_vlad	0
wh_main_lore_vampires	nag_mortarch_mannfred	0
wh_main_lore_death	nag_mortarch_mannfred	0
wh_main_lore_vampires	nag_mortarch_mannfred_warhorse	0
wh_main_lore_death	nag_mortarch_mannfred_warhorse	0
wh_main_lore_vampires	nag_mortarch_mannfred_abyssal	0
wh_main_lore_death	nag_mortarch_mannfred_abyssal	0
wh_main_lore_death	nag_mortarch_arkhan	0
wh_main_lore_death	nag_mortarch_arkhan_warhorse	0
wh_main_lore_death	nag_mortarch_arkhan_chariot	0
wh_main_lore_death	nag_mortarch_arkhan_abyssal	0
wh2_main_lore_undeath	nag_nagash_husk	0
wh2_dlc11_vmp_lore_lahmian	nag_mortarch_neferata	0
wh2_dlc11_vmp_lore_lahmian	nag_mortarch_neferata_warhorse	0
wh2_dlc11_vmp_lore_lahmian	nag_mortarch_neferata_abyssal	0
wh2_dlc11_vmp_lore_lahmian	nag_mortarch_isabella	0
wh2_dlc11_vmp_lore_lahmian	nag_mortarch_isabella_hellsteed	0
wh2_dlc11_vmp_lore_lahmian	nag_mortarch_isabella_warhorse	0
wh2_dlc09_lore_nehekhara	nag_cha_liche_priest_nehekhara_0	0
wh2_dlc09_lore_nehekhara	nag_cha_liche_priest_nehekhara_1	0
wh_dlc05_lore_shadows	nag_cha_liche_priest_shadow_0	0
wh_dlc05_lore_shadows	nag_cha_liche_priest_shadow_1	0
wh_main_lore_death	nag_cha_liche_priest_death_0	0
wh_main_lore_death	nag_cha_liche_priest_death_1	0
wh_main_lore_light	nag_cha_liche_priest_light_0	0
wh_main_lore_light	nag_cha_liche_priest_light_1	0
wh2_main_lore_undeath	nag_cha_liche_priest_undeath_0	0
wh2_main_lore_undeath	nag_cha_liche_priest_undeath_1	0
wh_main_lore_vampires	nag_vampire_lord_0	0
wh_main_lore_vampires	nag_vampire_lord_2	0
wh_main_lore_vampires	nag_vampire_lord_3	0
wh_main_lore_vampires	nag_vampire_lord_5	0
wh_main_lore_vampires	nag_master_necromancer_0	0
wh_main_lore_vampires	nag_master_necromancer_1	0
wh_main_lore_vampires	nag_master_necromancer_2	0
wh_main_lore_vampires	nag_master_necromancer_3	0
wh_main_lore_vampires	nag_master_necromancer_4	0
wh_main_lore_vampires	nag_master_necromancer_5	0
wh2_dlc11_vmp_lore_lahmian	nag_lahmia_neferata	0
wh2_dlc11_vmp_lore_lahmian	nag_lahmia_neferata_warhorse	0
wh2_dlc11_vmp_lore_lahmian	nag_lahmia_neferata_hellsteed	0
