bonus_value_id	effect	subculture
#effect_bonus_value_subculture_junctions_tables;0;db/effect_bonus_value_subculture_junctions_tables/rhox_nagash		
diplomatic_mod	rhox_nagash_guinevere_effect_diplomacy_mod_human	wh_main_sc_brt_bretonnia
diplomatic_mod	rhox_nagash_guinevere_effect_diplomacy_mod_human	wh_main_sc_emp_empire
diplomatic_mod	rhox_nagash_guinevere_effect_diplomacy_mod_human	wh3_main_sc_ksl_kislev
diplomatic_mod	rhox_nagash_guinevere_effect_diplomacy_mod_human	wh3_main_sc_cth_cathay
diplomatic_mod	rhox_nagash_guinevere_effect_diplomacy_mod_human	wh_main_sc_teb_teb
diplomatic_mod	rhox_nagash_guinevere_effect_diplomacy_mod_human	ovn_sc_alb_albion
diplomatic_mod	rhox_nagash_guinevere_effect_diplomacy_mod_human	ovn_sc_ama_amazon
diplomatic_mod	rhox_nagash_guinevere_effect_diplomacy_mod_human	ovn_sc_arb_araby
diplomatic_mod	rhox_nagash_guinevere_effect_diplomacy_mod_human	mixer_teb_southern_realms
