id	duration	effect_type	requested_stance	cant_move	freeze_fatigue	fatigue_change_ratio	inspiration_aura_range_mod	ability_recharge_change	hp_change_frequency	damage_amount	max_damaged_entities	resurrect	mana_regen_mod	mana_max_depletion_mod	imbue_magical	imbue_ignition	imbue_contact	phase_display	phase_audio	is_hidden_in_ui	affects_allies	affects_enemies	replenish_ammo	composite_scene_group	spreading	freeze_recharge	heal_amount	barrier_heal_amount	remove_magical	execute_ratio
#special_ability_phases_tables;44;db/special_ability_phases_tables/rhox_nagash																														
nag_kalledria_solo_performance	25.0000	negative		false	false	0.0000	0.0000	0.0000	0.0000	0	0	false	0.0000	0.0000	false	0			wh_ability_negative_aoe	false	false	true	0.0000			false	0.0000	0.0000	false	0.0000
nag_unit_passive_kalledria_abyssal_howl	-1.0000	negative		false	false	0.0000	0.0000	0.0000	0.0000	0	0	false	0.0000	0.0000	false	0		wh_main_generic_debuff_defence_attack_morale_passive	wh2_dlc10_ability_abyssal_howl	false	true	true	0.0000			false	0.0000	0.0000	false	0.0000
nag_lord_passive_dreads_embrace	-1.0000	negative		false	false	0.0000	0.0000	0.0000	0.0000	0	0	false	0.0000	0.0000	false	0		wh_main_generic_debuff_morale_passive		false	true	true	0.0000			false	0.0000	0.0000	false	0.0000
nag_krell_mortarch_of_despair_miscast_heal	26.0000	positive		false	false	-0.3600	0.0000	0.0000	0.5000	0	0	false	0.0000	0.0000	false	0		wh_main_generic_hp_regen	wh_main_item_abilities_potion_of_healing	false	true	false	0.0000			false	0.0160	0.0000	false	0.0000
nag_azhag_abilities_reckless_whispers_i	45.0000	positive		false	false	0.0000	0.0000	0.0000	0.0000	0	-1	false	0.0000	0.0000	false	0		wh3_main_unit_passive_chaotic_surge	wh_ability_positive	false	true	true	0.0000			false	0.0000	0.0000	false	0.0000
nag_azhag_abilities_reckless_whispers_ii	45.0000	positive		false	false	0.0000	0.0000	0.0000	0.0000	0	-1	false	0.0000	0.0000	false	0		wh3_main_unit_passive_chaotic_surge	wh_ability_positive	false	true	true	0.0000			false	0.0000	0.0000	false	0.0000
nag_azhag_abilities_reckless_whispers_iii	45.0000	positive		false	false	0.0000	0.0000	0.0000	0.0000	0	-1	false	0.0000	0.0000	false	0		wh3_main_unit_passive_chaotic_surge	wh_ability_positive	false	true	true	0.0000			false	0.0000	0.0000	false	0.0000
nag_azhag_abilities_reckless_whispers_iv	45.0000	positive		false	false	0.0000	0.0000	0.0000	0.0000	0	-1	false	0.0000	0.0000	false	0		wh3_main_unit_passive_chaotic_surge	wh_ability_positive	false	true	true	0.0000			false	0.0000	0.0000	false	0.0000
nag_azhag_abilities_reckless_whispers_v	45.0000	positive		false	false	-0.2000	0.0000	0.0000	0.5000	0	-1	false	0.0000	0.0000	false	0		wh3_main_unit_passive_chaotic_surge	wh_ability_positive	false	true	true	0.0000			false	0.0013	0.0000	false	0.0000
