key	text	tooltip
#Loc;1;text/db/nag_ui_unit_bullet_points.loc		
ui_unit_bullet_point_enums_onscreen_name_		true
ui_unit_bullet_point_enums_tooltip_		true
ui_unit_bullet_point_enums_onscreen_name_nag_morghasts	Heralds of the Accursed One	true
ui_unit_bullet_point_enums_tooltip_nag_morghasts	The Morghasts are Nagash's officers and heralds on the battlefield, carrying out his will and reinforcing the undead host. \\nMorghasts have an encouraging effect on their allies' [[img:icon_morale]][[/img]]leadership should the [[img:icon_general]][[/img]]Lord be absent. 	true
ui_unit_bullet_point_enums_onscreen_name_nag_spirit_host_aoe	Restless Ghosts	true
ui_unit_bullet_point_enums_tooltip_nag_spirit_host_aoe	Unit damages all enemies around itself. \\n 6Ap damage in a 12m radious 	true
ui_unit_bullet_point_enums_onscreen_name_nag_nagash_husk	Husk	true
ui_unit_bullet_point_enums_tooltip_nag_nagash_husk	Nagash may be reborn, but he is merely a shadow of himself in his weakened form as he recoups his true power.	true
ui_unit_bullet_point_enums_onscreen_name_nag_doom	Doomed	true
ui_unit_bullet_point_enums_tooltip_nag_doom	To be touched by these blades is to be doomed, life forfeit. \\nBestows [[img:ui/battle ui/ability_icons/executor.png]][[/img]] Executor attribute once certain conditions are met.	true
