group_key	unit_key	quality
#cdir_military_generator_unit_qualities_tables;2;db/cdir_military_generator_unit_qualities_tables/lon_units		
wh3_default_land_melee_infantry_main_frontline_swords	nag_nagashi_guard	tier_3_step_1_units
wh3_default_land_melee_infantry_main_frontline_spears	nag_nagashi_guard_halb	tier_3_step_1_units
wh3_default_land_artillery_long_range	nag_bone_thrower	tier_2_step_3_units
wh3_default_land_monsters_heavy	nag_bone_golems	tier_5_units
wh3_default_land_ranged_cavalry_mounted	nag_sand_crawlies	tier_2_step_1_units
wh3_default_land_ranged_cavalry_mounted	nag_warp_ghouls	tier_2_step_1_units
wh3_default_land_melee_cavalry_main_mounted_heavy	nag_carrion_riders	tier_3_step_2_units
wh3_default_land_monsters_heavy	nag_bone_colossus	tier_5_units
wh3_default_land_ranged_cavalry_chariots	nag_undead_chariot_unit	tier_3_step_1_units
