id	treasury_cost	expenditure_type	income_type	expenditure_type_when_regular	income_type_when_regular
#resource_costs_tables;0;db/resource_costs_tables/lon_units					
lon_ritual_nag_unit_capacity_skeleton_reapers	0	RITUAL	RITUAL	ARMY_UPKEEP	BACKGROUND_INCOME
lon_ritual_nag_unit_capacity_skeleton_reapers_progression	0	RITUAL	RITUAL	ARMY_UPKEEP	BACKGROUND_INCOME
lon_ritual_nag_unit_capacity_nag_bone_thrower	0	RITUAL	RITUAL	ARMY_UPKEEP	BACKGROUND_INCOME
lon_ritual_nag_unit_capacity_nag_bone_thrower_progression	0	RITUAL	RITUAL	ARMY_UPKEEP	BACKGROUND_INCOME
lon_ritual_nag_unit_capacity_nag_carrion_riders	0	RITUAL	RITUAL	ARMY_UPKEEP	BACKGROUND_INCOME
lon_ritual_nag_unit_capacity_nag_carrion_riders_progression	0	RITUAL	RITUAL	ARMY_UPKEEP	BACKGROUND_INCOME
lon_ritual_nag_unit_capacity_nag_sand_crawlies	0	RITUAL	RITUAL	ARMY_UPKEEP	BACKGROUND_INCOME
lon_ritual_nag_unit_capacity_nag_sand_crawlies_progression	0	RITUAL	RITUAL	ARMY_UPKEEP	BACKGROUND_INCOME
lon_ritual_nag_unit_capacity_nagashizzar_guard	0	RITUAL	RITUAL	ARMY_UPKEEP	BACKGROUND_INCOME
lon_ritual_nag_unit_capacity_nagashizzar_guard_progression	0	RITUAL	RITUAL	ARMY_UPKEEP	BACKGROUND_INCOME
lon_ritual_nag_unit_capacity_nag_bone_golems	0	RITUAL	RITUAL	ARMY_UPKEEP	BACKGROUND_INCOME
lon_ritual_nag_unit_capacity_nag_bone_golems_progression	0	RITUAL	RITUAL	ARMY_UPKEEP	BACKGROUND_INCOME
rhox_nagash_kalledria_upgrade_cost	0	ACTIONS	BATTLE_KILLS	ARMY_UPKEEP	BACKGROUND_INCOME
