phase	stat	value	how
#special_ability_phase_stat_effects_tables;3;db/special_ability_phase_stat_effects_tables/lon_units			
nag_unit_passive_torment	stat_melee_damage_ap	1.2800	mult
nag_unit_passive_torment	stat_melee_damage_base	1.2800	mult
nag_unit_passive_marshlight_aura_1	scalar_speed	0.5000	mult
nag_unit_passive_marshlight_aura_2	scalar_speed	0.5000	mult
nag_unit_passive_marshlight_aura_2	stat_melee_damage_base	0.5000	mult
nag_unit_passive_marshlight_aura_2	stat_melee_attack	-8.0000	add
nag_unit_passive_marshlight_aura_2	stat_melee_defence	-8.0000	add
nag_warp_ghouls_poison	stat_reloading	-20.0000	add
nag_warp_ghouls_poison	scalar_speed	0.8500	mult
nag_warp_ghouls_poison	stat_melee_damage_ap	0.8500	mult
nag_warp_ghouls_poison	stat_melee_damage_base	0.8500	mult
nag_warp_ghouls_poison	stat_melee_attack	-8.0000	add
nag_warp_ghouls_aura	stat_resistance_magic	20.0000	add
nag_warp_ghouls_aura	stat_melee_attack	6.0000	add
nag_warp_ghouls_aura_skaven	stat_melee_attack	6.0000	add
nag_warp_ghouls_aura_skaven	stat_melee_defence	-6.0000	add
