key	active_time	recharge_time	num_uses	effect_range	affect_self	num_effected_friendly_units	num_effected_enemy_units	update_targets_every_frame	initial_recharge	activated_projectile	target_friends	target_enemies	target_ground	target_intercept_range	always_affect_self	only_affect_target	wind_up_time	passive	unique_id	bombardment	spawned_unit	wind_up_stance	mana_cost	min_range	targetting_aoe	passive_aoe	active_aoe	activation_effect	vortex	miscast_chance	miscast_explosion	ai_usage	audio	special_ability_display	voiceover_state	additional_melee_cp	additional_missile_cp	parent_ability	spawn_type	spawn_proxy_vfx	target_ground_under_allies	target_ground_under_enemies	miscast_global_bonus	target_self	composite_scene_group_on_wind_up	composite_scene_group_on_active	wind_down_stance	use_loop_stance	update_phase_by_ability_duration	spawn_is_transformation	spawn_is_decoy	only_affect_owned_units	formation	behaviour	current_mana_moves_to_reserve	spawn_shares_health_and_fatigue	affect_siege_equipment	shared_recharge_time	intensity_based_activation	autoresolver_usage	autoresolver_targets	display_stops_when_display_expires	autoresolve_cp_multiplier	ability_available_ui_event	can_be_copied_to_transformation_unit	audio_switch_casting_override	audio_switch_ui_override	ai_usage_template_group	audio_vo_actor_override	mom_vortex_key
#unit_special_abilities_tables;74;db/unit_special_abilities_tables/lon_units																																																																						
nag_unit_passive_grim_aura	10.0000	180.0000	3	0.0000	false	0	1	false	0.0000		false	true	false	50.0000	false	false	0.0000	true	365884154		nag_skeleton_reaper		0.0000	0.0000	wh_abilities_generic_direct_damage_no_ring	wh_abilities_generic_direct_damage_no_ring				0.0000		hex_melee	wh_main_spell_vampires_raise_dead_upgraded		vo_battle_special_ability_generic_response	240.0000	0.0000				false	false	true	false				false	false	false	false	false			false	false	true	-1.0000	false	damage_unit	1	false	1.0000		true					
nag_unit_passive_marshlight_aura	40.0000	120.0000	-1	60.0000	false	0	-1	false	-1.0000		false	false	false	0.0000	false	false	0.0000	true	365884155				0.0000	0.0000	wh_abilities_generic_debuff					0.0000					vo_battle_special_ability_generic_response	119.0000	119.0000				false	false	true	false				false	false	false	false	false			false	false	true	-1.0000	false	default	1	false	1.0000		true					
nag_unit_passive_torment	-1.0000	-1.0000	-1	0.0000	true	0	0	true	-1.0000		false	false	false	0.0000	false	false	0.0000	true	365884156				0.0000	0.0000						0.0000					vo_battle_special_ability_generic_response	38.0000	0.0000				false	false	true	false				false	false	false	false	false			false	false	true	-1.0000	false	default	1	false	1.0000		true					
nag_unit_passive_blood_frenzy	90.0000	45.0000	-1	0.0000	true	0	0	false	45.0000		false	false	false	0.0000	false	false	0.0000	true	365884181				0.0000	0.0000	wh_abilities_generic_buff_no_ring					0.0000					vo_battle_special_ability_generic_response	150.0000	0.0000				false	false	true	false				false	false	false	false	false			false	false	true	-1.0000	false	buff_self	1	false	1.0000		true					
nag_druthor_raise_dead_crypt_ghouls	1.0000	0.0000	3	0.0000	false	1	0	false	0.0000		true	false	true	50.0000	false	false	3.0000	false	365884186		wh_main_vmp_inf_crypt_ghouls_summoned		0.0000	0.0000	wh_abilities_generic_spawn	wh_abilities_generic_spawn				0.0000		threatened	wh_main_spell_vampires_raise_dead	vampires_medium	vo_battle_special_ability_raise_dead	100.0000	0.0000			wh_main_targeting_pre_spawn_group_ui_central	false	false	true	true				false	false	false	false	false			false	false	true	-1.0000	false	default	1	false	1.0000		true	Vampires				
nag_warp_ghouls_aura	-1.0000	-1.0000	-1	30.0000	false	-1	-1	true	-1.0000		false	false	false	0.0000	false	false	0.0000	true	365884157				0.0000	0.0000	wh_abilities_generic_buff	wh_abilities_generic_buff_no_ring				0.0000		augment_melee			vo_battle_special_ability_spell_cast_positive	20.0000	10.0000				false	false	true	false				false	false	false	false	true			false	false	true	-1.0000	false	default	1	false	1.0000		true					
nag_warp_ghouls_aura_skaven	-1.0000	-1.0000	-1	30.0000	false	-1	-1	true	-1.0000		false	false	false	0.0000	false	false	0.0000	true	365884158				0.0000	0.0000	wh_abilities_generic_buff	wh_abilities_generic_buff_no_ring				0.0000		augment_melee			vo_battle_special_ability_spell_cast_positive	0.0000	0.0000				false	false	true	false				false	false	false	false	false			false	false	true	-1.0000	false	default	1	false	1.0000		true					
nag_kalledria_sonic_boom	-1.0000	30.0000	3	0.0000	false	0	-1	false	0.0000		false	false	false	0.0000	false	false	1.0000	false	365884187			cast_up_medium	0.0000	0.0000	wh_abilities_generic_explosion	wh_abilities_generic_explosion			nag_kalledria_sonic_boom	0.0000		aoe_centred_on_self	wh_main_spell_heavens_urannons_thunderbolt	slaanesh_medium	vo_battle_special_ability_generic_response	100.0000	100.0000				false	false	false	false				false	false	false	false	false			false	false	true	-1.0000	false	damage_aoe	2	false	1.0000		true					
nag_kalledria_solo_performance	25.0000	60.0000	-1	35.0000	false	0	-1	true	0.0000		false	false	false	0.0000	false	false	0.0000	false	365884188				0.0000	0.0000	wh_abilities_generic_debuff		belisarians_nag_kalledia_solo_performance			0.0000		augment_melee_area	wh_group_lord_ability		vo_battle_special_ability_generic_response	100.0000	50.0000				false	false	true	false				false	false	false	false	false			false	false	true	-1.0000	false	debuff_army	3	false	1.0000		false					
nag_unit_passive_kalledria_abyssal_howl	-1.0000	-1.0000	-1	35.0000	false	0	-1	true	-1.0000		false	false	false	0.0000	false	false	0.0000	true	365884189				0.0000	0.0000	wh_abilities_generic_debuff					0.0000					vo_battle_special_ability_spell_cast_negative	75.0000	75.0000				false	false	true	false				false	false	false	false	false			false	false	true	-1.0000	false	debuff_unit	3	false	1.0000		true					
nag_lord_passive_dreads_embrace	-1.0000	-1.0000	-1	35.0000	false	0	-1	true	0.0000		false	false	false	35.0000	false	false	0.0000	true	365884190				0.0000	0.0000	wh_abilities_generic_debuff					0.0000					vo_battle_special_ability_generic_response	100.0000	50.0000				false	false	true	false				false	false	false	false	false			false	false	true	-1.0000	false	debuff_unit	3	false	1.0000		true					
