key	building	unit	XP	conditions	faction	enabled
#building_units_allowed_tables;4;db/building_units_allowed_tables/lon_units						
542709261	wh3_dlc29_nag_necropolis_military_artillery_1	nag_bone_thrower	0	0		false
542709262	wh3_dlc29_nag_necropolis_military_artillery_2	nag_bone_thrower	0	0		false
542709263	wh3_dlc29_nag_necropolis_military_artillery_3	nag_bone_thrower	0	0		false
542709264	wh3_dlc29_nag_necropolis_military_artillery_4	nag_bone_thrower	0	0		false
542709265	wh3_dlc29_nag_necropolis_military_cavalry_3	nag_undead_chariot_unit	0	0		false
542709266	wh3_dlc29_nag_necropolis_military_cavalry_4	nag_undead_chariot_unit	0	0		false
542709267	wh3_dlc29_nag_necropolis_military_cavalry_5	nag_undead_chariot_unit	0	0		false
542709268	wh3_dlc29_nag_necropolis_military_constructs_2	nag_bone_golems	0	0		false
542709269	wh3_dlc29_nag_necropolis_military_constructs_3	nag_bone_golems	0	0		false
542709270	wh3_dlc29_nag_necropolis_military_constructs_4	nag_bone_golems	0	0		false
542709272	wh3_dlc29_nag_necropolis_military_melee_2	nag_warp_ghouls	0	0		false
542709274	wh3_dlc29_nag_necropolis_military_melee_3	nag_warp_ghouls	0	0		false
542709276	wh3_dlc29_nag_necropolis_military_melee_4	nag_warp_ghouls	0	0		false
542709278	wh3_dlc29_nag_necropolis_military_melee_5	nag_warp_ghouls	0	0		false
542709279	wh3_dlc29_nag_necropolis_military_monsters_1	nag_sand_crawlies	0	0		false
542709280	wh3_dlc29_nag_necropolis_military_monsters_2	nag_sand_crawlies	0	0		false
542709281	wh3_dlc29_nag_necropolis_military_monsters_3	nag_sand_crawlies	0	0		false
542709282	wh3_dlc29_nag_necropolis_military_monsters_4	nag_sand_crawlies	0	0		false
542709283	wh3_dlc29_nag_necropolis_military_monsters_5	nag_sand_crawlies	0	0		false
542709284	wh3_dlc29_nag_necropolis_military_spirits_2	nag_carrion_riders	0	0		false
542709285	wh3_dlc29_nag_necropolis_military_spirits_3	nag_carrion_riders	0	0		false
542709286	wh3_dlc29_nag_settlement_necropolis_1	nag_skeleton_reaper	0	0		false
542709287	wh3_dlc29_nag_settlement_necropolis_2	nag_skeleton_reaper	0	0		false
542709288	wh3_dlc29_nag_settlement_necropolis_3	nag_skeleton_reaper	0	0		false
542709289	wh3_dlc29_nag_settlement_necropolis_4	nag_skeleton_reaper	0	0		false
542709290	wh3_dlc29_nag_settlement_necropolis_4	nag_nagashi_guard	0	0		false
542709291	wh3_dlc29_nag_settlement_necropolis_4	nag_nagashi_guard_halb	0	0		false
542709292	wh3_dlc29_nag_settlement_necropolis_5	nag_skeleton_reaper	0	0		false
542709293	wh3_dlc29_nag_settlement_necropolis_5	nag_nagashi_guard	0	0		false
542709294	wh3_dlc29_nag_settlement_necropolis_5	nag_nagashi_guard_halb	0	0		false
542709295	wh3_dlc29_special_settlement_nagashizzar_nag_1	nag_skeleton_reaper	0	0		false
542709296	wh3_dlc29_special_settlement_nagashizzar_nag_2	nag_skeleton_reaper	0	0		false
542709297	wh3_dlc29_special_settlement_nagashizzar_nag_3	nag_skeleton_reaper	0	0		false
542709298	wh3_dlc29_special_settlement_nagashizzar_nag_4	nag_skeleton_reaper	0	0		false
542709299	wh3_dlc29_special_settlement_nagashizzar_nag_4	nag_nagashi_guard	0	0		false
542709300	wh3_dlc29_special_settlement_nagashizzar_nag_4	nag_nagashi_guard_halb	0	0		false
542709301	wh3_dlc29_special_settlement_nagashizzar_nag_5	nag_skeleton_reaper	0	0		false
542709302	wh3_dlc29_special_settlement_nagashizzar_nag_5	nag_nagashi_guard	0	0		false
542709303	wh3_dlc29_special_settlement_nagashizzar_nag_5	nag_nagashi_guard_halb	0	0		false
542709304	wh3_dlc29_special_settlement_pyramid_of_nagash_nag_1	nag_skeleton_reaper	0	0		false
542709305	wh3_dlc29_special_settlement_pyramid_of_nagash_nag_2	nag_skeleton_reaper	0	0		false
542709306	wh3_dlc29_special_settlement_pyramid_of_nagash_nag_3	nag_skeleton_reaper	0	0		false
542709307	wh3_dlc29_special_settlement_pyramid_of_nagash_nag_4	nag_skeleton_reaper	0	0		false
542709308	wh3_dlc29_special_settlement_pyramid_of_nagash_nag_4	nag_nagashi_guard	0	0		false
542709309	wh3_dlc29_special_settlement_pyramid_of_nagash_nag_4	nag_nagashi_guard_halb	0	0		false
542709310	wh3_dlc29_special_settlement_pyramid_of_nagash_nag_5	nag_nagashi_guard	0	0		false
542709311	wh3_dlc29_special_settlement_pyramid_of_nagash_nag_5	nag_nagashi_guard_halb	0	0		false
542709312	wh3_dlc29_special_settlement_pyramid_of_nagash_nag_5	nag_skeleton_reaper	0	0		false
542709313	wh3_dlc29_special_settlement_pyramid_of_nagash_nag_1_floating	nag_skeleton_reaper	0	0		false
542709314	wh3_dlc29_special_settlement_pyramid_of_nagash_nag_2_floating	nag_skeleton_reaper	0	0		false
542709315	wh3_dlc29_special_settlement_pyramid_of_nagash_nag_3_floating	nag_skeleton_reaper	0	0		false
542709316	wh3_dlc29_special_settlement_pyramid_of_nagash_nag_4_floating	nag_skeleton_reaper	0	0		false
542709317	wh3_dlc29_special_settlement_pyramid_of_nagash_nag_4_floating	nag_nagashi_guard	0	0		false
542709318	wh3_dlc29_special_settlement_pyramid_of_nagash_nag_4_floating	nag_nagashi_guard_halb	0	0		false
542709319	wh3_dlc29_special_settlement_pyramid_of_nagash_nag_5_floating	nag_skeleton_reaper	0	0		false
542709320	wh3_dlc29_special_settlement_pyramid_of_nagash_nag_5_floating	nag_nagashi_guard	0	0		false
542709321	wh3_dlc29_special_settlement_pyramid_of_nagash_nag_5_floating	nag_nagashi_guard_halb	0	0		false
8427501	wh2_main_vmp_wraiths_1	wh2_dlc11_cst_inf_syreens	0	0	mixer_vmp_wailing_conclave	true
