key	group	initial_unit_count	pool	faction_requirement	subculture_requirement	tech_requirement
#mercenary_pool_to_groups_junctions_tables;3;db/mercenary_pool_to_groups_junctions_tables/lon_units						
250926205	lon_nag_bone_golems_faction_pool	999999	wh3_dlc29_nag_raise_dead_vmp_faction_pool		wh3_dlc29_sc_nag_undead_legions	
250926206	lon_nag_bone_thrower_faction_pool	999999	wh3_dlc29_nag_raise_dead_vmp_faction_pool		wh3_dlc29_sc_nag_undead_legions	
250926207	lon_nag_carrion_riders_faction_pool	999999	wh3_dlc29_nag_raise_dead_vmp_faction_pool		wh3_dlc29_sc_nag_undead_legions	
250926208	lon_nag_nagashi_guard_faction_pool	999999	wh3_dlc29_nag_raise_dead_vmp_faction_pool		wh3_dlc29_sc_nag_undead_legions	
250926209	lon_nag_nagashi_guard_halb_faction_pool	999999	wh3_dlc29_nag_raise_dead_vmp_faction_pool		wh3_dlc29_sc_nag_undead_legions	
250926210	lon_nag_sand_crawlies_faction_pool	999999	wh3_dlc29_nag_raise_dead_vmp_faction_pool		wh3_dlc29_sc_nag_undead_legions	
250926211	lon_nag_skeleton_reaper_faction_pool	999999	wh3_dlc29_nag_raise_dead_vmp_faction_pool		wh3_dlc29_sc_nag_undead_legions	
250926212	lon_nag_warp_ghoul_faction_pool	999999	wh3_dlc29_nag_raise_dead_vmp_faction_pool		wh3_dlc29_sc_nag_undead_legions	
250926213	lon_nag_undead_chariot_faction_pool	999999	wh3_dlc29_nag_raise_dead_vmp_faction_pool		wh3_dlc29_sc_nag_undead_legions	
