order	special_ability	target_self	target_friends	target_enemies	phase
#special_ability_to_special_ability_phase_junctions_tables;2;db/special_ability_to_special_ability_phase_junctions_tables/lon_units					
1	nag_unit_passive_grim_aura	false	false	true	nag_unit_passive_grim_aura_damage
1	nag_unit_passive_marshlight_aura	false	false	true	nag_unit_passive_marshlight_aura_1
2	nag_unit_passive_marshlight_aura	false	false	true	nag_unit_passive_marshlight_aura_2
1	nag_unit_passive_torment	true	true	false	nag_unit_passive_torment
1	nag_unit_passive_blood_frenzy	true	false	false	nag_passive_blood_frenzy_1
2	nag_unit_passive_blood_frenzy	true	false	false	nag_passive_blood_frenzy_2
3	nag_unit_passive_blood_frenzy	true	false	false	nag_passive_blood_frenzy_3
1	nag_warp_ghouls_aura	true	true	false	nag_warp_ghouls_aura
1	nag_warp_ghouls_aura_skaven	true	true	false	nag_warp_ghouls_aura_skaven
