ability	land_unit	culture
#land_units_to_unit_abilites_junctions_tables;1;db/land_units_to_unit_abilites_junctions_tables/lon_units		
wh2_dlc11_unit_passive_the_hunger	nag_blood_beasts	*
wh_main_unit_passive_unstable	nag_blood_beasts	*
wh_main_unit_passive_unstable_mark_ii	nag_blood_beasts	*
nag_unit_passive_blood_frenzy	nag_blood_beasts	*
wh3_dlc24_unit_passive_feral_rage_i	nag_blood_beasts	*
wh3_dlc24_unit_passive_feral_rage_ii	nag_blood_beasts	*
wh_main_unit_passive_unstable	nag_bone_colossus	*
wh_main_unit_passive_unstable_mark_ii	nag_bone_colossus	*
wh3_main_unit_passive_single_entity	nag_bone_colossus	*
wh_main_unit_passive_unstable	nag_bone_golems	*
wh_main_unit_passive_unstable_mark_ii	nag_bone_golems	*
wh_main_unit_passive_unstable	nag_bone_thrower	*
wh_main_unit_passive_unstable_mark_ii	nag_bone_thrower	*
wh_pro04_unit_passive_wildfire_aura	nag_burning_dead	*
wh_main_unit_passive_unstable	nag_burning_dead	*
wh_main_unit_passive_unstable_mark_ii	nag_burning_dead	*
wh_main_unit_passive_unstable	nag_carrion_riders	*
wh_main_unit_passive_unstable_mark_ii	nag_carrion_riders	*
wh_main_unit_passive_frenzy	nag_doomed_legion	*
wh_main_unit_passive_unstable	nag_doomed_legion	*
wh_main_unit_passive_unstable_mark_ii	nag_doomed_legion	*
wh2_dlc09_unit_passive_guardian	nag_doomed_legion	*
nag_druthor_raise_dead_crypt_ghouls	nag_druthor	*
wh2_main_unit_abilities_death_shriek	nag_druthor	*
wh3_main_unit_passive_single_entity	nag_druthor	*
wh_main_character_abilities_blood_lust	nag_druthor	*
wh_main_lord_passive_the_hunger	nag_druthor	*
wh_main_unit_passive_regeneration	nag_druthor	*
wh_main_unit_passive_unstable	nag_druthor	*
wh_main_unit_passive_unstable_mark_ii	nag_druthor	*
wh_main_unit_passive_unstable	nag_nagashi_guard	*
wh_main_unit_passive_unstable_mark_ii	nag_nagashi_guard	*
wh_main_unit_passive_unstable	nag_nagashi_guard_halb	*
wh_main_unit_passive_unstable_mark_ii	nag_nagashi_guard_halb	*
wh_main_unit_passive_unstable	nag_revenants	*
wh_main_unit_passive_unstable_mark_ii	nag_revenants	*
nag_unit_passive_torment	nag_revenants	*
wh_main_unit_passive_unstable	nag_sand_crawlies	*
wh_main_unit_passive_unstable_mark_ii	nag_sand_crawlies	*
wh_main_unit_passive_unstable_mark_ii	nag_skeleton_reaper	*
wh_main_unit_passive_unstable	nag_skeleton_reaper	*
nag_unit_passive_grim_aura	nag_virion_plaguecart	*
nag_unit_passive_marshlight_aura	nag_virion_plaguecart	*
wh_main_unit_passive_unstable	nag_virion_plaguecart	*
wh_main_unit_passive_unstable_mark_ii	nag_virion_plaguecart	*
wh_dlc04_unit_passive_vigour_mortis	nag_virion_plaguecart	*
wh_main_unit_passive_regeneration	nag_virion_plaguecart	*
wh3_main_unit_passive_single_entity	nag_virion_plaguecart	*
wh_main_unit_passive_unstable	nag_warp_ghouls	*
wh_main_unit_passive_unstable_mark_ii	nag_warp_ghouls	*
wh_main_unit_passive_frenzy	nag_warp_ghouls	*
nag_warp_ghouls_aura	nag_warp_ghouls	*
nag_warp_ghouls_aura_skaven	nag_warp_ghouls	*
wh_main_unit_passive_unstable	nag_undead_chariot_unit	*
wh_main_unit_passive_unstable_mark_ii	nag_undead_chariot_unit	*
