bullet_point	unit_key
#ui_unit_bullet_point_unit_overrides_tables;0;db/ui_unit_bullet_point_unit_overrides_tables/lon_units	
anti_infantry	nag_nagashi_guard
armoured_and_shielded	nag_nagashi_guard
armour_piercing	nag_nagashi_guard_halb
anti_large	nag_nagashi_guard_halb
armoured	nag_nagashi_guard_halb
charge_reflector	nag_nagashi_guard_halb
anti_large	nag_sand_crawlies
stalk	nag_sand_crawlies
scaling_damage	nag_sand_crawlies
armour_piercing	nag_carrion_riders
very_fast	nag_carrion_riders
nag_wraithlike	nag_carrion_riders
terror	nag_carrion_riders
armoured_and_shielded	nag_bone_golems
defender	nag_bone_golems
charge_reflector	nag_bone_golems
multishot	nag_bone_thrower
armour_piercing	nag_revenants
armoured	nag_revenants
nag_wraithlike	nag_revenants
terror	nag_revenants
anti_infantry	nag_bone_colossus
armour_piercing	nag_bone_colossus
cumbersome	nag_bone_colossus
terror	nag_bone_colossus
anti_infantry	nag_skeleton_reaper
armour_piercing	nag_skeleton_reaper
armoured_and_shielded	nag_doomed_legion
frenzy	nag_doomed_legion
anti_infantry	nag_doomed_legion
armour_piercing	nag_blood_beasts
unbreakable	nag_blood_beasts
regeneration	nag_blood_beasts
very_fast	nag_blood_beasts
magical_aura	nag_virion_plaguecart
regeneration	nag_virion_plaguecart
ethereal	nag_virion_plaguecart
armour_piercing	nag_virion_plaguecart
anti_infantry	nag_burning_dead
armoured	nag_burning_dead
damage_dealer	nag_burning_dead
flaming_attacks	nag_burning_dead
anti_large	nag_druthor
armour_piercing	nag_druthor
poison	nag_druthor
terror	nag_druthor
magical_aura	nag_warp_ghouls
vanguard_deployment	nag_warp_ghouls
frenzy	nag_warp_ghouls
anti_infantry	nag_undead_chariot_unit
