effect	icon	priority	icon_negative	category	is_positive_value_good
#effects_tables;0;db/effects_tables/rhox_nagash					
nag_effect_self_enable_ability_mortarch_of_despair	general_ability.png	1	general_ability.png	battle	true
rhox_nagash_guinevere_effect_trespass_immunity_for_army_dummy	diplomacy_trespass.png	1	diplomacy_trespass.png	campaign	true
rhox_nagash_guinevere_effect_diplomacy_mod_human	diplomacy.png	1	diplomacy.png	campaign	true
rhox_nagash_guinevere_effect_diplomacy_mod_prostitute_dummy	diplomacy.png	1	diplomacy.png	campaign	true
rhox_nagash_guinevere_effect_diplomacy_mod_settlement_action_dummy	siege_defence.png	1	siege_defence.png	campaign	true
rhox_nagash_guinevere_effect_diplomacy_mod_replenish_xp_dummy	replenishment.png	1	siege_defence.png	campaign	true
rhox_nagash_guinevere_effect_longer_stay_dummy	turns.png	1	turns.png	campaign	true
rhox_nagash_guinevere_effect_peace_broker_dummy	diplomacy.png	1	diplomacy.png	campaign	true
nag_effect_self_krell_charge_bonus_versus_nor_chs_bst	charge.png	3	charge.png	battle	true
nag_effect_self_krell_infantry_melee_defence_skill	defence.png	3	defence.png	battle	true
nag_effect_self_krell_infantry_upkeep_skill	treasury.png	5	treasury.png	battle	false
