child_key	parent_key	initial_descent_tiers	parent_link_position	child_link_position	parent_link_position_offset	child_link_position_offset	link_type
#character_skill_node_links_tables;3;db/character_skill_node_links_tables/rhox_nagash_krell							
nag_skill_mortarch_krell_personal_01	nag_skill_mortarch_krell_personal_00	0	1	1	0.0000	0.0000	REQUIRED
nag_skill_mortarch_krell_personal_02	nag_skill_mortarch_krell_personal_00	0	1	1	0.0000	0.0000	REQUIRED
nag_skill_mortarch_krell_personal_03	nag_skill_mortarch_krell_personal_00	0	1	1	0.0000	0.0000	REQUIRED
nag_skill_mortarch_krell_personal_04	nag_skill_mortarch_krell_personal_00	0	1	1	0.0000	0.0000	REQUIRED
nag_skill_mortarch_krell_personal_05	nag_skill_mortarch_krell_personal_00	0	1	1	0.0000	0.0000	REQUIRED
nag_skill_mortarch_krell_personal_06	nag_skill_mortarch_krell_personal_01	0	1	1	0.0000	0.0000	SUBSET_REQUIRED
nag_skill_mortarch_krell_personal_06	nag_skill_mortarch_krell_personal_02	0	1	1	0.0000	0.0000	SUBSET_REQUIRED
nag_skill_mortarch_krell_personal_06	nag_skill_mortarch_krell_personal_03	0	1	1	0.0000	0.0000	SUBSET_REQUIRED
nag_skill_mortarch_krell_personal_06	nag_skill_mortarch_krell_personal_04	0	1	1	0.0000	0.0000	SUBSET_REQUIRED
nag_skill_mortarch_krell_personal_06	nag_skill_mortarch_krell_personal_05	0	1	1	0.0000	0.0000	SUBSET_REQUIRED
nag_skill_mortarch_krell_personal_07	nag_skill_mortarch_krell_personal_06	0	1	1	0.0000	0.0000	REQUIRED
nag_skill_mortarch_krell_self_01	nag_skill_mortarch_krell_self_00	0	1	1	0.0000	0.0000	REQUIRED
nag_skill_mortarch_krell_self_02	nag_skill_mortarch_krell_self_00	0	1	1	0.0000	0.0000	REQUIRED
nag_skill_mortarch_krell_self_03	nag_skill_mortarch_krell_self_00	0	1	1	0.0000	0.0000	REQUIRED
nag_skill_mortarch_krell_self_04	nag_skill_mortarch_krell_self_00	0	1	1	0.0000	0.0000	REQUIRED
nag_skill_mortarch_krell_self_05	nag_skill_mortarch_krell_self_01	0	1	1	0.0000	0.0000	SUBSET_REQUIRED
nag_skill_mortarch_krell_self_05	nag_skill_mortarch_krell_self_02	0	1	1	0.0000	0.0000	SUBSET_REQUIRED
nag_skill_mortarch_krell_self_05	nag_skill_mortarch_krell_self_03	0	1	1	0.0000	0.0000	SUBSET_REQUIRED
nag_skill_mortarch_krell_self_05	nag_skill_mortarch_krell_self_04	0	1	1	0.0000	0.0000	SUBSET_REQUIRED
nag_skill_mortarch_krell_self_06	nag_skill_mortarch_krell_self_05	0	1	1	0.0000	0.0000	REQUIRED
nag_skill_mortarch_krell_self_07	nag_skill_mortarch_krell_self_05	0	1	1	0.0000	0.0000	REQUIRED
nag_skill_mortarch_krell_self_08	nag_skill_mortarch_krell_self_05	0	1	1	0.0000	0.0000	REQUIRED
nag_skill_mortarch_krell_self_09	nag_skill_mortarch_krell_self_05	0	1	1	0.0000	0.0000	REQUIRED
nag_skill_mortarch_krell_self_10	nag_skill_mortarch_krell_self_06	0	1	1	0.0000	0.0000	SUBSET_REQUIRED
nag_skill_mortarch_krell_self_10	nag_skill_mortarch_krell_self_07	0	1	1	0.0000	0.0000	SUBSET_REQUIRED
nag_skill_mortarch_krell_self_10	nag_skill_mortarch_krell_self_08	0	1	1	0.0000	0.0000	SUBSET_REQUIRED
nag_skill_mortarch_krell_self_10	nag_skill_mortarch_krell_self_09	0	1	1	0.0000	0.0000	SUBSET_REQUIRED
nag_skill_mortarch_krell_unique_2	nag_skill_mortarch_krell_unique_1	0	1	1	0.0000	0.0000	REQUIRED
nag_skill_mortarch_krell_unique_3	nag_skill_mortarch_krell_unique_1	0	1	1	0.0000	0.0000	REQUIRED
nag_skill_mortarch_krell_unique_4	nag_skill_mortarch_krell_unique_1	0	1	1	0.0000	0.0000	REQUIRED
nag_skill_mortarch_krell_unique_5	nag_skill_mortarch_krell_unique_1	0	1	1	0.0000	0.0000	REQUIRED
nag_skill_mortarch_krell_unique_6	nag_skill_mortarch_krell_unique_2	0	1	1	0.0000	0.0000	SUBSET_REQUIRED
nag_skill_mortarch_krell_unique_6	nag_skill_mortarch_krell_unique_3	0	1	1	0.0000	0.0000	SUBSET_REQUIRED
nag_skill_mortarch_krell_unique_6	nag_skill_mortarch_krell_unique_4	0	1	1	0.0000	0.0000	SUBSET_REQUIRED
nag_skill_mortarch_krell_unique_6	nag_skill_mortarch_krell_unique_5	0	1	1	0.0000	0.0000	SUBSET_REQUIRED
